{"cameraMode":{"drawMode":0,"name":"Shaded","section":"Shading Mode"},"sceneLighting":true,"audioPlay":false,"sceneViewState":{"showFog":true,"showMaterialUpdate":false,"showSkybox":true,"showFlares":true,"showImageEffects":true,"showParticleSystems":true},"in2DMode":false,"pivot":{"x":-0.672637939453125,"y":0.0,"z":-3.0777435302734377},"rotation":{"x":-0.05665706843137741,"y":0.9429540634155273,"z":-0.21761593222618104,"w":-0.24550163745880128},"size":6.477884769439697,"orthographic":false}