{"cameraMode":{"drawMode":0,"name":"Shaded","section":"Shading Mode"},"sceneLighting":false,"audioPlay":false,"sceneViewState":{"showFog":true,"showMaterialUpdate":false,"showSkybox":true,"showFlares":true,"showImageEffects":true,"showParticleSystems":true},"in2DMode":false,"pivot":{"x":-0.04653698205947876,"y":0.8287900686264038,"z":-1.036074161529541},"rotation":{"x":-0.009641572833061219,"y":0.9850986003875732,"z":-0.16131043434143067,"w":-0.058879826217889789},"size":2.8542890548706056,"orthographic":false}