{"cameraMode":{"drawMode":0,"name":"Shaded","section":"Shading Mode"},"sceneLighting":true,"audioPlay":false,"sceneViewState":{"showFog":true,"showMaterialUpdate":false,"showSkybox":true,"showFlares":true,"showImageEffects":true,"showParticleSystems":true},"in2DMode":false,"pivot":{"x":1.170681357383728,"y":2.5733277797698976,"z":1.8722460269927979},"rotation":{"x":-0.3226296901702881,"y":0.3169170022010803,"z":-0.11561543494462967,"w":-0.8843680620193481},"size":22.0,"orthographic":false}