{"cameraMode":{"drawMode":0,"name":"Shaded","section":"Shading Mode"},"sceneLighting":true,"audioPlay":false,"sceneViewState":{"showFog":true,"showMaterialUpdate":false,"showSkybox":true,"showFlares":true,"showImageEffects":true,"showParticleSystems":true},"in2DMode":false,"pivot":{"x":-2.6190834045410158,"y":5.138952255249023,"z":-4.976138114929199},"rotation":{"x":-0.26695209741592409,"y":0.710259735584259,"z":-0.3420551121234894,"w":-0.5543158054351807},"size":37.30939483642578,"orthographic":false}