{"cameraMode":{"drawMode":0,"name":"Shaded","section":"Shading Mode"},"sceneLighting":false,"audioPlay":false,"sceneViewState":{"showFog":true,"showMaterialUpdate":false,"showSkybox":true,"showFlares":true,"showImageEffects":true,"showParticleSystems":true},"in2DMode":false,"pivot":{"x":0.0,"y":0.36000001430511477,"z":2.3499999046325685},"rotation":{"x":-0.05665706843137741,"y":0.9429540634155273,"z":-0.21761593222618104,"w":-0.24550163745880128},"size":5.342252254486084,"orthographic":false}