{"cameraMode":{"drawMode":0,"name":"Shaded","section":"Shading Mode"},"sceneLighting":true,"audioPlay":false,"sceneViewState":{"showFog":true,"showMaterialUpdate":false,"showSkybox":true,"showFlares":true,"showImageEffects":true,"showParticleSystems":true},"in2DMode":false,"pivot":{"x":-1.597717046737671,"y":2.8996357917785646,"z":-15.988174438476563},"rotation":{"x":-0.18740059435367585,"y":0.7133117914199829,"z":-0.20806194841861726,"w":-0.6424776315689087},"size":7.2831034660339359,"orthographic":false}